{
  "timestamp": "2025-05-02T17:57:37.819Z",
  "balance": 10000.12,
  "initialBalance": 10000,
  "profit": 0.12000000000080036,
  "profitPercentage": 0.0012000000000080035,
  "trades": 12,
  "compoundFactors": {
    "1": 6,
    "2": 6,
    "3": 0,
    "4": 0,
    "5": 0
  },
  "tradeCounts": {
    "1HZ10V": {
      "1": 0,
      "2": 0,
      "3": 0,
      "4": 0,
      "5": 0
    },
    "R_10": {
      "1": 0,
      "2": 1,
      "3": 0,
      "4": 0,
      "5": 0
    },
    "R_25": {
      "1": 0,
      "2": 1,
      "3": 0,
      "4": 0,
      "5": 0
    },
    "1HZ25V": {
      "1": 2,
      "2": 3,
      "3": 0,
      "4": 0,
      "5": 0
    },
    "R_50": {
      "1": 0,
      "2": 1,
      "3": 0,
      "4": 0,
      "5": 0
    },
    "1HZ50V": {
      "1": 1,
      "2": 1,
      "3": 0,
      "4": 0,
      "5": 0
    },
    "R_75": {
      "1": 0,
      "2": 0,
      "3": 0,
      "4": 0,
      "5": 0
    },
    "1HZ75V": {
      "1": 2,
      "2": 2,
      "3": 0,
      "4": 0,
      "5": 0
    },
    "R_100": {
      "1": 0,
      "2": 0,
      "3": 0,
      "4": 0,
      "5": 0
    },
    "1HZ100V": {
      "1": 2,
      "2": 3,
      "3": 0,
      "4": 0,
      "5": 0
    }
  }
}