{
  "timestamp": "2025-05-02T18:17:13.058Z",
  "balance": 10000.19,
  "initialBalance": 10000.12,
  "profit": 0.06999999999970896,
  "profitPercentage": 0.0006999916000978884,
  "trades": 7,
  "compoundFactors": {
    "1": 3,
    "2": 4,
    "3": 0,
    "4": 0,
    "5": 0
  },
  "tradeCounts": {
    "1HZ10V": {
      "1": 5,
      "2": 5,
      "3": 0,
      "4": 0,
      "5": 0
    },
    "R_10": {
      "1": 0,
      "2": 0,
      "3": 0,
      "4": 0,
      "5": 0
    },
    "R_25": {
      "1": 0,
      "2": 0,
      "3": 0,
      "4": 0,
      "5": 0
    },
    "1HZ25V": {
      "1": 0,
      "2": 0,
      "3": 0,
      "4": 0,
      "5": 0
    },
    "R_50": {
      "1": 0,
      "2": 0,
      "3": 0,
      "4": 0,
      "5": 0
    },
    "1HZ50V": {
      "1": 0,
      "2": 0,
      "3": 0,
      "4": 0,
      "5": 0
    },
    "R_75": {
      "1": 0,
      "2": 0,
      "3": 0,
      "4": 0,
      "5": 0
    },
    "1HZ75V": {
      "1": 0,
      "2": 0,
      "3": 0,
      "4": 0,
      "5": 0
    },
    "R_100": {
      "1": 0,
      "2": 0,
      "3": 0,
      "4": 0,
      "5": 0
    },
    "1HZ100V": {
      "1": 0,
      "2": 0,
      "3": 0,
      "4": 0,
      "5": 0
    }
  }
}